{"stats":{"minecraft:crafted":{"minecraft:leather_leggings":1,"minecraft:leather_boots":1,"minecraft:bow":1,"minecraft:tipped_arrow":32,"minecraft:cooked_beef":20,"minecraft:emerald":18,"minecraft:iron_sword":1,"minecraft:leather_helmet":1,"minecraft:air":0,"minecraft:string":5,"minecraft:stick":13,"minecraft:leather_chestplate":1,"minecraft:stone_sword":2},"minecraft:broken":{"minecraft:leather_helmet":2,"minecraft:chainmail_leggings":1,"minecraft:stone_sword":1,"minecraft:chainmail_helmet":1,"minecraft:leather_chestplate":2,"minecraft:chainmail_boots":1,"minecraft:leather_boots":3},"minecraft:picked_up":{"minecraft:birch_door":1,"minecraft:music_disc_strad":1,"minecraft:redstone_lamp":1,"minecraft:leather_leggings":16,"minecraft:crimson_trapdoor":1,"minecraft:shield":5,"minecraft:string":13,"minecraft:white_carpet":30,"minecraft:sticky_piston":1,"minecraft:oak_sign":3,"minecraft:smooth_stone":4,"minecraft:redstone_torch":8,"minecraft:smooth_quartz":3,"minecraft:stick":17,"minecraft:amethyst_cluster":1,"minecraft:torch":2,"minecraft:porkchop":3,"minecraft:stone_button":7,"minecraft:pointed_dripstone":3,"minecraft:redstone":21,"minecraft:stone_sword":9,"minecraft:arrow":17,"minecraft:rotten_flesh":61,"minecraft:music_disc_ward":1,"minecraft:leather_chestplate":12,"minecraft:repeater":2,"minecraft:chainmail_chestplate":8,"minecraft:gunpowder":1,"minecraft:spawner":1,"minecraft:leather_boots":18,"minecraft:bone":18,"minecraft:gray_carpet":1,"minecraft:bow":1,"minecraft:iron_ingot":1,"minecraft:glass_bottle":4,"minecraft:scaffolding":1,"minecraft:cooked_porkchop":32,"minecraft:spider_eye":8,"minecraft:leather_helmet":13,"minecraft:bundle":5,"minecraft:red_stained_glass":1,"minecraft:polished_blackstone_pressure_plate":2,"minecraft:lever":6,"minecraft:writable_book":1,"minecraft:emerald":541,"minecraft:chainmail_helmet":6},"minecraft:killed_by":{"minecraft:creeper":2,"minecraft:vindicator":56,"minecraft:skeleton":2,"minecraft:zombie":1},"minecraft:killed":{"minecraft:vindicator":205,"minecraft:spider":6,"minecraft:skeleton":5,"minecraft:zombie_villager":2,"minecraft:creeper":2,"minecraft:zombie":26,"minecraft:villager":10},"minecraft:dropped":{"minecraft:cooked_porkchop":32,"minecraft:stick":1,"minecraft:emerald":1,"minecraft:stone_sword":1,"minecraft:shield":1,"minecraft:amethyst_cluster":1},"minecraft:used":{"minecraft:oak_fence":6,"minecraft:oak_trapdoor":44,"minecraft:petrified_oak_slab":4,"minecraft:netherite_sword":10,"minecraft:iron_bars":2,"minecraft:writable_book":6,"minecraft:stone_sword":340,"minecraft:polished_deepslate":33,"minecraft:flint_and_steel":34,"minecraft:armor_stand":5,"minecraft:redstone":1052,"minecraft:dispenser":4,"minecraft:polished_blackstone":1,"minecraft:dried_kelp":120,"minecraft:ladder":15,"minecraft:oak_sign":91,"minecraft:chest":18,"minecraft:shield":55,"minecraft:tinted_glass":73,"minecraft:iron_sword":1261,"minecraft:zombie_spawn_egg":87,"minecraft:quartz_stairs":5,"minecraft:structure_block":2,"minecraft:torch":125,"minecraft:end_stone_brick_wall":24,"minecraft:brewing_stand":6,"minecraft:spyglass":23,"minecraft:anvil":8,"minecraft:white_carpet":198,"minecraft:hopper":4,"minecraft:chainmail_chestplate":3,"minecraft:axolotl_bucket":1,"minecraft:snowball":10,"minecraft:polished_diorite":26,"minecraft:birch_door":20,"minecraft:sea_lantern":4,"minecraft:lava_bucket":3,"minecraft:bookshelf":104,"minecraft:villager_spawn_egg":3,"minecraft:black_stained_glass_pane":91,"minecraft:quartz_slab":5,"minecraft:iron_axe":59,"minecraft:iron_block":1424,"minecraft:grass_block":19,"minecraft:oak_stairs":11,"minecraft:music_disc_ward":1,"minecraft:polished_andesite_stairs":55,"minecraft:spawner":68,"minecraft:smooth_quartz":6521,"minecraft:pink_wool":547,"minecraft:barrel":36,"minecraft:waxed_exposed_cut_copper_slab":16,"minecraft:item_frame":2,"minecraft:birch_trapdoor":10,"minecraft:repeater":124,"minecraft:redstone_lamp":236,"minecraft:lime_concrete":106,"minecraft:bow":48,"minecraft:black_stained_glass":26,"minecraft:scaffolding":9,"minecraft:iron_trapdoor":8,"minecraft:cooked_cod":60,"minecraft:white_stained_glass_pane":8,"minecraft:gray_bed":2,"minecraft:stone_pressure_plate":14,"minecraft:gray_banner":5,"minecraft:cooked_beef":10,"minecraft:red_dye":3,"minecraft:pointed_dripstone":3,"minecraft:water_bucket":11,"minecraft:waxed_oxidized_cut_copper_slab":27,"minecraft:leather_leggings":6,"minecraft:end_rod":4,"minecraft:damaged_anvil":2,"minecraft:spruce_door":8,"minecraft:witch_spawn_egg":11,"minecraft:bundle":1,"minecraft:red_stained_glass":21,"minecraft:gray_carpet":4,"minecraft:leather_chestplate":5,"minecraft:redstone_block":1,"minecraft:chainmail_helmet":3,"minecraft:composter":1,"minecraft:cauldron":6,"minecraft:white_dye":4,"minecraft:glow_ink_sac":61,"minecraft:leather_boots":5,"minecraft:polished_deepslate_slab":14,"minecraft:glow_item_frame":9,"minecraft:polished_blackstone_pressure_plate":7,"minecraft:glow_berries":2,"minecraft:oak_slab":9,"minecraft:tnt":3,"minecraft:crafting_table":3,"minecraft:crimson_trapdoor":34,"minecraft:blast_furnace":4,"minecraft:yellow_concrete":69,"minecraft:white_bed":12,"minecraft:oxidized_cut_copper_slab":93,"minecraft:painting":5,"minecraft:music_disc_strad":1,"minecraft:dark_oak_door":2,"minecraft:lightning_rod":42,"minecraft:redstone_torch":130,"minecraft:amethyst_cluster":4,"minecraft:sticky_piston":29,"minecraft:lever":65,"minecraft:green_concrete":9,"minecraft:flower_pot":4,"minecraft:black_concrete":4,"minecraft:warped_trapdoor":22,"minecraft:waxed_exposed_cut_copper_stairs":40,"minecraft:command_block":19,"minecraft:cyan_bed":3,"minecraft:bread":45,"minecraft:stone_button":27,"minecraft:lectern":4,"minecraft:leather_helmet":5,"minecraft:cyan_concrete":56,"minecraft:stone_slab":7,"minecraft:spruce_trapdoor":4,"minecraft:iron_door":36,"minecraft:flowering_azalea_leaves":39,"minecraft:polished_andesite_slab":52,"minecraft:chainmail_boots":3,"minecraft:cooked_porkchop":2,"minecraft:smithing_table":1,"minecraft:waxed_oxidized_cut_copper_stairs":19,"minecraft:black_candle":58,"minecraft:smooth_stone":2916,"minecraft:jukebox":1,"minecraft:cobweb":5,"minecraft:chainmail_leggings":3},"minecraft:mined":{"minecraft:stone_button":1,"minecraft:crimson_trapdoor":1},"minecraft:custom":{"minecraft:mob_kills":263,"minecraft:interact_with_anvil":15,"minecraft:inspect_hopper":3,"minecraft:interact_with_crafting_table":2,"minecraft:open_barrel":52,"minecraft:fill_cauldron":12,"minecraft:leave_game":21,"minecraft:time_since_death":5759,"minecraft:climb_one_cm":11935,"minecraft:sprint_one_cm":797328,"minecraft:walk_one_cm":1882903,"minecraft:damage_blocked_by_shield":2590,"minecraft:drop":6,"minecraft:talked_to_villager":127,"minecraft:play_time":1069466,"minecraft:deaths":70,"minecraft:sneak_time":35841,"minecraft:walk_under_water_one_cm":1198,"minecraft:interact_with_lectern":4,"minecraft:interact_with_brewingstand":3,"minecraft:jump":4737,"minecraft:walk_on_water_one_cm":5097,"minecraft:total_world_time":1156778,"minecraft:play_record":2,"minecraft:traded_with_villager":27,"minecraft:pot_flower":3,"minecraft:sleep_in_bed":8,"minecraft:time_since_rest":5781,"minecraft:damage_taken":26980,"minecraft:damage_dealt":71045,"minecraft:swim_one_cm":10502,"minecraft:fly_one_cm":3293608,"minecraft:open_chest":84,"minecraft:crouch_one_cm":28756,"minecraft:fall_one_cm":46929,"minecraft:inspect_dispenser":17}},"DataVersion":2724}