{"stats":{"minecraft:crafted":{"minecraft:leather_leggings":1,"minecraft:leather_boots":1,"minecraft:bow":2,"minecraft:tipped_arrow":48,"minecraft:cooked_beef":20,"minecraft:emerald":18,"minecraft:iron_sword":1,"minecraft:leather_helmet":1,"minecraft:air":0,"minecraft:string":9,"minecraft:stick":32,"minecraft:leather_chestplate":1,"minecraft:stone_sword":2},"minecraft:broken":{"minecraft:leather_helmet":2,"minecraft:chainmail_leggings":1,"minecraft:stone_sword":2,"minecraft:leather_leggings":3,"minecraft:chainmail_helmet":1,"minecraft:leather_chestplate":3,"minecraft:chainmail_boots":1,"minecraft:leather_boots":5},"minecraft:picked_up":{"minecraft:music_disc_strad":1,"minecraft:birch_door":1,"minecraft:black_carpet":2,"minecraft:leather_leggings":23,"minecraft:redstone_lamp":1,"minecraft:crimson_trapdoor":1,"minecraft:shield":8,"minecraft:string":16,"minecraft:sticky_piston":1,"minecraft:white_carpet":30,"minecraft:oak_sign":3,"minecraft:smooth_stone":4,"minecraft:redstone_torch":8,"minecraft:smooth_quartz":3,"minecraft:stick":20,"minecraft:torch":2,"minecraft:amethyst_cluster":1,"minecraft:porkchop":3,"minecraft:stone_button":7,"minecraft:pointed_dripstone":3,"minecraft:redstone":22,"minecraft:stone_sword":13,"minecraft:arrow":20,"minecraft:rotten_flesh":92,"minecraft:music_disc_ward":1,"minecraft:totem_of_undying":2,"minecraft:netherite_boots":2,"minecraft:leather_chestplate":21,"minecraft:repeater":3,"minecraft:iron_door":1,"minecraft:copper_block":1,"minecraft:chainmail_chestplate":14,"minecraft:gunpowder":1,"minecraft:paper":2,"minecraft:spawner":1,"minecraft:leather_boots":29,"minecraft:bone":23,"minecraft:gray_carpet":1,"minecraft:bow":1,"minecraft:iron_ingot":1,"minecraft:glass_bottle":4,"minecraft:scaffolding":3,"minecraft:cooked_porkchop":32,"minecraft:spider_eye":8,"minecraft:leather_helmet":17,"minecraft:bundle":9,"minecraft:red_stained_glass":1,"minecraft:polished_blackstone_pressure_plate":2,"minecraft:lever":7,"minecraft:writable_book":1,"minecraft:emerald":842,"minecraft:chainmail_helmet":9},"minecraft:killed_by":{"minecraft:creeper":2,"minecraft:vindicator":75,"minecraft:skeleton":2,"minecraft:zombie":1,"minecraft:vex":1},"minecraft:killed":{"minecraft:evoker":2,"minecraft:vex":1,"minecraft:vindicator":271,"minecraft:spider":6,"minecraft:skeleton":9,"minecraft:zombie_villager":2,"minecraft:creeper":2,"minecraft:zombie":31,"minecraft:villager":11},"minecraft:dropped":{"minecraft:copper_block":213,"minecraft:cooked_porkchop":32,"minecraft:honeycomb":1,"minecraft:stick":1,"minecraft:emerald":2,"minecraft:repeater":2,"minecraft:paper":1,"minecraft:redstone_block":2,"minecraft:redstone":1,"minecraft:stone_sword":1,"minecraft:shield":1,"minecraft:hopper":2,"minecraft:amethyst_cluster":1},"minecraft:used":{"minecraft:orange_dye":4,"minecraft:oak_fence":6,"minecraft:oak_trapdoor":44,"minecraft:petrified_oak_slab":4,"minecraft:netherite_sword":29,"minecraft:iron_bars":2,"minecraft:writable_book":6,"minecraft:stone_sword":592,"minecraft:polished_deepslate":33,"minecraft:flint_and_steel":48,"minecraft:armor_stand":5,"minecraft:oak_sign":110,"minecraft:polished_blackstone":1,"minecraft:dispenser":5,"minecraft:dried_kelp":120,"minecraft:redstone":1263,"minecraft:ladder":15,"minecraft:light_gray_carpet":2,"minecraft:black_carpet":8,"minecraft:chest":22,"minecraft:shield":63,"minecraft:tinted_glass":116,"minecraft:iron_sword":1261,"minecraft:zombie_spawn_egg":90,"minecraft:quartz_stairs":5,"minecraft:structure_block":2,"minecraft:torch":125,"minecraft:end_stone_brick_wall":44,"minecraft:spyglass":23,"minecraft:brewing_stand":8,"minecraft:anvil":12,"minecraft:white_carpet":198,"minecraft:hopper":36,"minecraft:chainmail_chestplate":3,"minecraft:axolotl_bucket":1,"minecraft:snowball":10,"minecraft:polished_diorite":26,"minecraft:birch_door":26,"minecraft:glass":46,"minecraft:stone_brick_slab":14,"minecraft:waxed_oxidized_copper":1,"minecraft:sea_lantern":4,"minecraft:lava_bucket":3,"minecraft:bookshelf":112,"minecraft:black_stained_glass_pane":91,"minecraft:villager_spawn_egg":3,"minecraft:iron_axe":59,"minecraft:quartz_slab":5,"minecraft:grass_block":19,"minecraft:iron_block":1424,"minecraft:oak_stairs":11,"minecraft:music_disc_ward":1,"minecraft:polished_andesite_stairs":55,"minecraft:spawner":88,"minecraft:smooth_quartz":7959,"minecraft:diorite_wall":81,"minecraft:totem_of_undying":1,"minecraft:pink_wool":547,"minecraft:barrel":55,"minecraft:waxed_exposed_cut_copper_slab":16,"minecraft:item_frame":2,"minecraft:repeater":150,"minecraft:birch_trapdoor":10,"minecraft:warped_stairs":7,"minecraft:redstone_lamp":334,"minecraft:lime_concrete":106,"minecraft:bow":50,"minecraft:black_stained_glass":26,"minecraft:scaffolding":61,"minecraft:iron_trapdoor":8,"minecraft:black_dye":5,"minecraft:cooked_cod":60,"minecraft:white_stained_glass_pane":8,"minecraft:gray_bed":2,"minecraft:gray_banner":5,"minecraft:stone_pressure_plate":16,"minecraft:cooked_beef":10,"minecraft:red_dye":11,"minecraft:pointed_dripstone":3,"minecraft:ink_sac":1,"minecraft:damaged_anvil":2,"minecraft:water_bucket":14,"minecraft:waxed_oxidized_cut_copper_slab":31,"minecraft:end_rod":45,"minecraft:leather_leggings":7,"minecraft:end_stone_bricks":10,"minecraft:spruce_door":8,"minecraft:dropper":3,"minecraft:witch_spawn_egg":11,"minecraft:bundle":1,"minecraft:red_stained_glass":21,"minecraft:gray_carpet":23,"minecraft:copper_block":14,"minecraft:leather_chestplate":6,"minecraft:redstone_block":3,"minecraft:chainmail_helmet":3,"minecraft:composter":1,"minecraft:cauldron":6,"minecraft:white_dye":4,"minecraft:glow_ink_sac":84,"minecraft:leather_boots":6,"minecraft:waxed_copper_block":16,"minecraft:polished_blackstone_pressure_plate":7,"minecraft:glow_berries":2,"minecraft:glow_item_frame":15,"minecraft:golden_apple":1,"minecraft:polished_deepslate_slab":14,"minecraft:purpur_stairs":15,"minecraft:comparator":3,"minecraft:tnt":3,"minecraft:oak_slab":9,"minecraft:crafting_table":3,"minecraft:crimson_trapdoor":54,"minecraft:blast_furnace":4,"minecraft:yellow_concrete":69,"minecraft:cyan_dye":2,"minecraft:white_bed":12,"minecraft:oxidized_cut_copper_slab":93,"minecraft:note_block":6,"minecraft:painting":28,"minecraft:music_disc_strad":1,"minecraft:dark_oak_door":2,"minecraft:lightning_rod":42,"minecraft:black_terracotta":1,"minecraft:redstone_torch":137,"minecraft:amethyst_cluster":4,"minecraft:sticky_piston":30,"minecraft:piston":1,"minecraft:flower_pot":12,"minecraft:green_concrete":9,"minecraft:lever":72,"minecraft:black_wool":4,"minecraft:black_concrete":4,"minecraft:warped_trapdoor":86,"minecraft:waxed_exposed_cut_copper_stairs":40,"minecraft:command_block":20,"minecraft:bread":63,"minecraft:cyan_bed":4,"minecraft:stone_button":36,"minecraft:leather_helmet":6,"minecraft:lectern":4,"minecraft:magenta_concrete":75,"minecraft:cyan_concrete":56,"minecraft:stone_slab":7,"minecraft:spruce_trapdoor":4,"minecraft:polished_granite":19,"minecraft:iron_door":47,"minecraft:flowering_azalea_leaves":39,"minecraft:polished_andesite_slab":52,"minecraft:chainmail_boots":3,"minecraft:cooked_porkchop":15,"minecraft:smithing_table":1,"minecraft:waxed_oxidized_cut_copper_stairs":19,"minecraft:white_stained_glass":5,"minecraft:black_candle":95,"minecraft:waxed_cut_copper_stairs":8,"minecraft:smooth_stone":3450,"minecraft:jukebox":1,"minecraft:purple_wool":10,"minecraft:cobweb":5,"minecraft:chainmail_leggings":3},"minecraft:mined":{"minecraft:stone_button":1,"minecraft:crimson_trapdoor":1,"minecraft:grass":4},"minecraft:custom":{"minecraft:inspect_dropper":6,"minecraft:mob_kills":351,"minecraft:interact_with_anvil":27,"minecraft:inspect_hopper":50,"minecraft:interact_with_crafting_table":2,"minecraft:open_barrel":175,"minecraft:fill_cauldron":12,"minecraft:leave_game":28,"minecraft:time_since_death":37151,"minecraft:climb_one_cm":14856,"minecraft:sprint_one_cm":1037229,"minecraft:walk_one_cm":2385805,"minecraft:damage_blocked_by_shield":3270,"minecraft:drop":20,"minecraft:talked_to_villager":143,"minecraft:play_time":1346159,"minecraft:deaths":90,"minecraft:sneak_time":43774,"minecraft:walk_under_water_one_cm":1198,"minecraft:interact_with_lectern":4,"minecraft:interact_with_brewingstand":5,"minecraft:jump":6017,"minecraft:walk_on_water_one_cm":6072,"minecraft:total_world_time":1504693,"minecraft:play_record":2,"minecraft:traded_with_villager":52,"minecraft:tune_noteblock":117,"minecraft:pot_flower":10,"minecraft:sleep_in_bed":10,"minecraft:time_since_rest":37172,"minecraft:damage_taken":35493,"minecraft:damage_absorbed":51,"minecraft:damage_dealt":88677,"minecraft:swim_one_cm":10502,"minecraft:fly_one_cm":4147983,"minecraft:open_chest":145,"minecraft:crouch_one_cm":32557,"minecraft:fall_one_cm":53438,"minecraft:inspect_dispenser":30}},"DataVersion":2724}