{"stats":{"minecraft:custom":{"minecraft:interact_with_anvil":13,"minecraft:mob_kills":246,"minecraft:interact_with_crafting_table":2,"minecraft:open_barrel":33,"minecraft:fill_cauldron":12,"minecraft:leave_game":17,"minecraft:time_since_death":211890,"minecraft:climb_one_cm":11413,"minecraft:sprint_one_cm":713103,"minecraft:walk_one_cm":1598589,"minecraft:damage_blocked_by_shield":2590,"minecraft:drop":4,"minecraft:talked_to_villager":112,"minecraft:play_time":892648,"minecraft:deaths":68,"minecraft:sneak_time":29051,"minecraft:interact_with_lectern":4,"minecraft:interact_with_brewingstand":3,"minecraft:jump":3960,"minecraft:walk_on_water_one_cm":834,"minecraft:total_world_time":938555,"minecraft:play_record":2,"minecraft:traded_with_villager":12,"minecraft:pot_flower":1,"minecraft:sleep_in_bed":7,"minecraft:time_since_rest":211919,"minecraft:damage_taken":26155,"minecraft:damage_dealt":61509,"minecraft:fly_one_cm":2685337,"minecraft:open_chest":80,"minecraft:crouch_one_cm":21929,"minecraft:fall_one_cm":43112,"minecraft:inspect_dispenser":17},"minecraft:dropped":{"minecraft:cooked_porkchop":32,"minecraft:stick":1,"minecraft:stone_sword":1,"minecraft:shield":1},"minecraft:picked_up":{"minecraft:birch_door":1,"minecraft:music_disc_strad":1,"minecraft:redstone_lamp":1,"minecraft:leather_leggings":16,"minecraft:crimson_trapdoor":1,"minecraft:shield":4,"minecraft:string":12,"minecraft:white_carpet":30,"minecraft:sticky_piston":1,"minecraft:smooth_stone":4,"minecraft:redstone_torch":8,"minecraft:smooth_quartz":3,"minecraft:stick":17,"minecraft:porkchop":3,"minecraft:stone_button":4,"minecraft:pointed_dripstone":3,"minecraft:redstone":21,"minecraft:stone_sword":9,"minecraft:arrow":17,"minecraft:rotten_flesh":57,"minecraft:music_disc_ward":1,"minecraft:leather_chestplate":12,"minecraft:repeater":2,"minecraft:chainmail_chestplate":8,"minecraft:gunpowder":1,"minecraft:spawner":1,"minecraft:leather_boots":18,"minecraft:bone":18,"minecraft:gray_carpet":1,"minecraft:bow":1,"minecraft:iron_ingot":1,"minecraft:glass_bottle":4,"minecraft:scaffolding":1,"minecraft:cooked_porkchop":32,"minecraft:spider_eye":7,"minecraft:leather_helmet":13,"minecraft:bundle":5,"minecraft:red_stained_glass":1,"minecraft:polished_blackstone_pressure_plate":2,"minecraft:lever":6,"minecraft:writable_book":1,"minecraft:chainmail_helmet":5,"minecraft:emerald":540},"minecraft:mined":{"minecraft:stone_button":1,"minecraft:crimson_trapdoor":1},"minecraft:killed":{"minecraft:vindicator":200,"minecraft:spider":4,"minecraft:skeleton":5,"minecraft:zombie_villager":2,"minecraft:creeper":2,"minecraft:zombie":23,"minecraft:villager":3},"minecraft:crafted":{"minecraft:leather_leggings":1,"minecraft:leather_boots":1,"minecraft:cooked_beef":20,"minecraft:emerald":18,"minecraft:iron_sword":1,"minecraft:leather_helmet":1,"minecraft:stick":6,"minecraft:leather_chestplate":1,"minecraft:stone_sword":2},"minecraft:broken":{"minecraft:leather_helmet":2,"minecraft:chainmail_leggings":1,"minecraft:stone_sword":1,"minecraft:chainmail_helmet":1,"minecraft:leather_chestplate":2,"minecraft:chainmail_boots":1,"minecraft:leather_boots":3},"minecraft:killed_by":{"minecraft:creeper":2,"minecraft:vindicator":56,"minecraft:skeleton":1,"minecraft:zombie":1},"minecraft:used":{"minecraft:oak_fence":6,"minecraft:oak_trapdoor":35,"minecraft:petrified_oak_slab":4,"minecraft:netherite_sword":10,"minecraft:iron_bars":2,"minecraft:writable_book":6,"minecraft:stone_sword":340,"minecraft:flint_and_steel":31,"minecraft:armor_stand":5,"minecraft:redstone":967,"minecraft:dispenser":4,"minecraft:polished_blackstone":1,"minecraft:dried_kelp":120,"minecraft:ladder":15,"minecraft:oak_sign":78,"minecraft:chest":18,"minecraft:shield":55,"minecraft:tinted_glass":47,"minecraft:iron_sword":1261,"minecraft:zombie_spawn_egg":87,"minecraft:quartz_stairs":5,"minecraft:structure_block":2,"minecraft:torch":94,"minecraft:end_stone_brick_wall":24,"minecraft:brewing_stand":6,"minecraft:spyglass":23,"minecraft:anvil":8,"minecraft:white_carpet":189,"minecraft:chainmail_chestplate":3,"minecraft:axolotl_bucket":1,"minecraft:snowball":10,"minecraft:polished_diorite":26,"minecraft:birch_door":17,"minecraft:sea_lantern":4,"minecraft:lava_bucket":3,"minecraft:bookshelf":98,"minecraft:villager_spawn_egg":3,"minecraft:black_stained_glass_pane":21,"minecraft:quartz_slab":5,"minecraft:iron_block":808,"minecraft:grass_block":16,"minecraft:iron_axe":59,"minecraft:oak_stairs":11,"minecraft:music_disc_ward":1,"minecraft:polished_andesite_stairs":32,"minecraft:spawner":45,"minecraft:smooth_quartz":5549,"minecraft:pink_wool":547,"minecraft:barrel":20,"minecraft:item_frame":2,"minecraft:birch_trapdoor":10,"minecraft:repeater":116,"minecraft:redstone_lamp":217,"minecraft:lime_concrete":46,"minecraft:bow":2,"minecraft:black_stained_glass":26,"minecraft:scaffolding":7,"minecraft:iron_trapdoor":6,"minecraft:cooked_cod":60,"minecraft:white_stained_glass_pane":8,"minecraft:gray_bed":2,"minecraft:stone_pressure_plate":8,"minecraft:gray_banner":5,"minecraft:cooked_beef":10,"minecraft:red_dye":3,"minecraft:pointed_dripstone":3,"minecraft:water_bucket":11,"minecraft:waxed_oxidized_cut_copper_slab":27,"minecraft:leather_leggings":6,"minecraft:end_rod":4,"minecraft:witch_spawn_egg":11,"minecraft:bundle":1,"minecraft:red_stained_glass":21,"minecraft:gray_carpet":4,"minecraft:leather_chestplate":5,"minecraft:redstone_block":1,"minecraft:chainmail_helmet":3,"minecraft:composter":1,"minecraft:cauldron":6,"minecraft:white_dye":4,"minecraft:glow_ink_sac":61,"minecraft:leather_boots":5,"minecraft:glow_item_frame":9,"minecraft:glow_berries":2,"minecraft:polished_blackstone_pressure_plate":7,"minecraft:oak_slab":9,"minecraft:tnt":3,"minecraft:crafting_table":3,"minecraft:crimson_trapdoor":19,"minecraft:blast_furnace":1,"minecraft:yellow_concrete":69,"minecraft:white_bed":11,"minecraft:oxidized_cut_copper_slab":93,"minecraft:painting":5,"minecraft:music_disc_strad":1,"minecraft:lightning_rod":10,"minecraft:redstone_torch":121,"minecraft:sticky_piston":29,"minecraft:lever":47,"minecraft:green_concrete":9,"minecraft:flower_pot":2,"minecraft:black_concrete":4,"minecraft:warped_trapdoor":3,"minecraft:waxed_exposed_cut_copper_stairs":30,"minecraft:command_block":16,"minecraft:cyan_bed":1,"minecraft:bread":45,"minecraft:stone_button":19,"minecraft:lectern":4,"minecraft:leather_helmet":5,"minecraft:cyan_concrete":56,"minecraft:spruce_trapdoor":4,"minecraft:iron_door":25,"minecraft:flowering_azalea_leaves":32,"minecraft:chainmail_boots":3,"minecraft:cooked_porkchop":2,"minecraft:smithing_table":1,"minecraft:waxed_oxidized_cut_copper_stairs":19,"minecraft:black_candle":48,"minecraft:smooth_stone":2533,"minecraft:jukebox":1,"minecraft:cobweb":5,"minecraft:chainmail_leggings":3}},"DataVersion":2724}